{"cameraMode":{"drawMode":0,"name":"Shaded","section":"Shading Mode"},"sceneLighting":true,"audioPlay":false,"sceneViewState":{"showFog":true,"showMaterialUpdate":false,"showSkybox":true,"showFlares":true,"showImageEffects":true,"showParticleSystems":true},"in2DMode":false,"pivot":{"x":-3.390000343322754,"y":-1.8701112270355225,"z":-6.691165924072266},"rotation":{"x":-0.13230028748512269,"y":0.8196170926094055,"z":-0.20998771488666535,"w":-0.5163711905479431},"size":9.09999942779541,"orthographic":false}