{"cameraMode":{"drawMode":0,"name":"Shaded","section":"Shading Mode"},"sceneLighting":false,"audioPlay":false,"sceneViewState":{"showFog":true,"showMaterialUpdate":false,"showSkybox":false,"showFlares":true,"showImageEffects":true,"showParticleSystems":true},"in2DMode":false,"pivot":{"x":8.267354011535645,"y":1.9077633619308472,"z":2.0800037384033205},"rotation":{"x":0.3790399134159088,"y":0.019180795177817346,"z":-0.007718762382864952,"w":0.9252409934997559},"size":3.1063637733459474,"orthographic":false}