{"cameraMode":{"drawMode":0,"name":"Shaded","section":"Shading Mode"},"sceneLighting":true,"audioPlay":false,"sceneViewState":{"showFog":true,"showMaterialUpdate":false,"showSkybox":true,"showFlares":true,"showImageEffects":true,"showParticleSystems":true},"in2DMode":false,"pivot":{"x":-339.7353210449219,"y":1053.9195556640625,"z":-532.9608154296875},"rotation":{"x":-0.009738330729305745,"y":0.9828393459320068,"z":-0.17611590027809144,"w":-0.05430379882454872},"size":80.04602813720703,"orthographic":false}