{"cameraMode":{"drawMode":0,"name":"Shaded","section":"Shading Mode"},"sceneLighting":true,"audioPlay":false,"sceneViewState":{"showFog":true,"showMaterialUpdate":false,"showSkybox":true,"showFlares":true,"showImageEffects":true,"showParticleSystems":true},"in2DMode":false,"pivot":{"x":2.341811418533325,"y":12.352411270141602,"z":-11.551011085510254},"rotation":{"x":0.32263749837875368,"y":0.039727889001369479,"z":-0.013566526584327221,"w":0.9456111192703247},"size":4.958984375,"orthographic":false}