{"cameraMode":{"drawMode":0,"name":"Shaded","section":"Shading Mode"},"sceneLighting":true,"audioPlay":false,"sceneViewState":{"showFog":true,"showMaterialUpdate":true,"showSkybox":true,"showFlares":true,"showImageEffects":true,"showParticleSystems":true},"in2DMode":false,"pivot":{"x":2.3949785232543947,"y":13.280488967895508,"z":-6.500792503356934},"rotation":{"x":0.09915383160114289,"y":0.004165083169937134,"z":-0.00030790866003371775,"w":0.9951499700546265},"size":27.47334861755371,"orthographic":true}