{"cameraMode":{"drawMode":0,"name":"Shaded","section":"Shading Mode"},"sceneLighting":true,"audioPlay":false,"sceneViewState":{"showFog":true,"showMaterialUpdate":false,"showSkybox":true,"showFlares":true,"showImageEffects":true,"showParticleSystems":true},"in2DMode":false,"pivot":{"x":17.1597843170166,"y":3.8216161727905275,"z":-4.024834156036377},"rotation":{"x":-0.13230028748512269,"y":0.8196170926094055,"z":-0.20998771488666535,"w":-0.5163711905479431},"size":1.7874846458435059,"orthographic":false}