{"cameraMode":{"drawMode":0,"name":"Shaded","section":"Shading Mode"},"sceneLighting":true,"audioPlay":false,"sceneViewState":{"showFog":true,"showMaterialUpdate":false,"showSkybox":true,"showFlares":true,"showImageEffects":true,"showParticleSystems":true},"in2DMode":false,"pivot":{"x":-11.499175071716309,"y":6.891446113586426,"z":21.45331573486328},"rotation":{"x":-0.1708059310913086,"y":-0.5969573855400086,"z":0.13240733742713929,"w":-0.7727670669555664},"size":5.929152011871338,"orthographic":false}