{"cameraMode":{"drawMode":0,"name":"Shaded","section":"Shading Mode"},"sceneLighting":true,"audioPlay":false,"sceneViewState":{"showFog":true,"showMaterialUpdate":false,"showSkybox":true,"showFlares":true,"showImageEffects":true,"showParticleSystems":true},"in2DMode":false,"pivot":{"x":-0.0001010894775390625,"y":5.499942779541016,"z":0.000102996826171875},"rotation":{"x":0.2618319094181061,"y":0.4729212522506714,"z":-0.14957764744758607,"w":0.8279111385345459},"size":10.0,"orthographic":false}